{"cameraMode":{"drawMode":0,"name":"Shaded","section":"Shading Mode"},"sceneLighting":false,"audioPlay":false,"sceneViewState":{"m_AlwaysRefresh":false,"showFog":true,"showSkybox":false,"showFlares":true,"showImageEffects":true,"showParticleSystems":true,"showVisualEffectGraphs":true,"m_FxEnabled":true},"in2DMode":false,"pivot":{"x":2.1918630599975588,"y":2.621537685394287,"z":-0.20043981075286866},"rotation":{"x":-0.013471582904458046,"y":-0.06444934010505676,"z":-0.0008707652450539172,"w":0.9978318214416504},"size":1.7414571046829224,"orthographic":true}