{"cameraMode":{"drawMode":0,"name":"Shaded","section":"Shading Mode"},"sceneLighting":false,"audioPlay":false,"sceneViewState":{"m_AlwaysRefresh":false,"showFog":true,"showSkybox":false,"showFlares":true,"showImageEffects":true,"showParticleSystems":true,"showVisualEffectGraphs":true,"m_FxEnabled":true},"in2DMode":false,"pivot":{"x":-1.1333403587341309,"y":4.076935768127441,"z":2.19499135017395},"rotation":{"x":-0.31534603238105776,"y":-0.07619544863700867,"z":0.025411073118448259,"w":-0.9455727338790894},"size":10.547011375427246,"orthographic":true}