{"cameraMode":{"drawMode":0,"name":"Shaded","section":"Shading Mode"},"sceneLighting":false,"audioPlay":false,"sceneViewState":{"m_AlwaysRefresh":false,"showFog":true,"showSkybox":false,"showFlares":true,"showImageEffects":true,"showParticleSystems":true,"showVisualEffectGraphs":true,"m_FxEnabled":true},"in2DMode":false,"pivot":{"x":0.033679403364658359,"y":0.9088702201843262,"z":0.17051856219768525},"rotation":{"x":0.6669582724571228,"y":0.0722532719373703,"z":-0.06523530185222626,"w":0.7387095093727112},"size":0.8535112738609314,"orthographic":false}