{"cameraMode":{"drawMode":0,"name":"Shaded","section":"Shading Mode"},"sceneLighting":false,"audioPlay":false,"sceneViewState":{"m_AlwaysRefresh":false,"showFog":true,"showSkybox":false,"showFlares":true,"showImageEffects":true,"showParticleSystems":true,"showVisualEffectGraphs":true,"m_FxEnabled":true},"in2DMode":false,"pivot":{"x":7.152557373046875e-7,"y":1.5149297714233399,"z":4.76837158203125e-7},"rotation":{"x":0.34327808022499087,"y":0.14568695425987245,"z":-0.053992196917533877,"w":0.9263044595718384},"size":5.559453010559082,"orthographic":true}