{"cameraMode":{"drawMode":0,"name":"Shaded","section":"Shading Mode"},"sceneLighting":false,"audioPlay":false,"sceneViewState":{"m_AlwaysRefresh":false,"showFog":true,"showSkybox":false,"showFlares":true,"showImageEffects":true,"showParticleSystems":true,"showVisualEffectGraphs":true,"m_FxEnabled":true},"in2DMode":false,"pivot":{"x":0.18066412210464478,"y":1.2253005504608155,"z":-3.7698988914489748},"rotation":{"x":0.014826243743300438,"y":0.9851583242416382,"z":-0.11818865686655045,"w":0.12358655780553818},"size":0.793069064617157,"orthographic":false}