{"cameraMode":{"drawMode":0,"name":"Shaded","section":"Shading Mode"},"sceneLighting":false,"audioPlay":false,"sceneViewState":{"m_AlwaysRefresh":false,"showFog":true,"showSkybox":false,"showFlares":true,"showImageEffects":true,"showParticleSystems":true,"showVisualEffectGraphs":true,"m_FxEnabled":true},"in2DMode":false,"pivot":{"x":2.0399999618530275,"y":1.350000023841858,"z":-0.4300000071525574},"rotation":{"x":0.005429774988442659,"y":-0.9858347177505493,"z":0.032544128596782687,"w":0.1644551306962967},"size":2.884636163711548,"orthographic":true}