{"cameraMode":{"drawMode":0,"name":"Shaded","section":"Shading Mode"},"sceneLighting":false,"audioPlay":false,"sceneViewState":{"m_AlwaysRefresh":false,"showFog":true,"showSkybox":false,"showFlares":true,"showImageEffects":true,"showParticleSystems":true,"showVisualEffectGraphs":true,"m_FxEnabled":true},"in2DMode":false,"pivot":{"x":-0.01236182451248169,"y":1.0713753700256348,"z":-0.05841273069381714},"rotation":{"x":0.05061100423336029,"y":0.8997204303741455,"z":-0.1084877997636795,"w":0.41973012685775759},"size":1.266007900238037,"orthographic":false}