{"cameraMode":{"drawMode":0,"name":"Shaded","section":"Shading Mode"},"sceneLighting":false,"audioPlay":false,"sceneViewState":{"m_AlwaysRefresh":false,"showFog":true,"showSkybox":false,"showFlares":true,"showImageEffects":true,"showParticleSystems":true,"showVisualEffectGraphs":true,"m_FxEnabled":true},"in2DMode":false,"pivot":{"x":-57.339996337890628,"y":2.3793160915374758,"z":59.029998779296878},"rotation":{"x":0.09696540981531143,"y":-0.19281792640686036,"z":0.01915149763226509,"w":0.9762449860572815},"size":12.124354362487793,"orthographic":true}