{"cameraMode":{"drawMode":0,"name":"Shaded","section":"Shading Mode"},"sceneLighting":false,"audioPlay":false,"sceneViewState":{"m_AlwaysRefresh":false,"showFog":true,"showSkybox":false,"showFlares":true,"showImageEffects":true,"showParticleSystems":true,"showVisualEffectGraphs":true,"m_FxEnabled":true},"in2DMode":false,"pivot":{"x":408.26959228515627,"y":207.99917602539063,"z":29.64606475830078},"rotation":{"x":0.16285300254821778,"y":-0.6614685654640198,"z":0.15034981071949006,"w":0.7164749503135681},"size":0.6010406613349915,"orthographic":true}