{"cameraMode":{"drawMode":0,"name":"Shaded","section":"Shading Mode"},"sceneLighting":false,"audioPlay":false,"sceneViewState":{"m_AlwaysRefresh":false,"showFog":true,"showSkybox":false,"showFlares":true,"showImageEffects":true,"showParticleSystems":true,"showVisualEffectGraphs":true,"m_FxEnabled":true},"in2DMode":false,"pivot":{"x":-0.15600883960723878,"y":1.9813146591186524,"z":0.015087723731994629},"rotation":{"x":0.004373802337795496,"y":-0.9890671372413635,"z":0.14432550966739655,"w":0.029974207282066346},"size":2.7457149028778078,"orthographic":false}