{"cameraMode":{"drawMode":0,"name":"Shaded","section":"Shading Mode"},"sceneLighting":false,"audioPlay":false,"sceneViewState":{"m_AlwaysRefresh":false,"showFog":true,"showSkybox":false,"showFlares":true,"showImageEffects":true,"showParticleSystems":true,"showVisualEffectGraphs":true,"m_FxEnabled":true},"in2DMode":false,"pivot":{"x":3.9880642890930177,"y":2.2957534790039064,"z":0.18311858177185059},"rotation":{"x":-0.0046490090899169449,"y":-0.9951851963996887,"z":0.07778214663267136,"w":-0.059487029910087588},"size":3.440822124481201,"orthographic":true}